Kode Cabang Induk;Cabang Induk;NAMA PERUSAHAAN;JENIS PIPELINE;ESTIMASI PEKERJA
354;KC Bandung A.H. Nasution;BALAI BAHAN JALAN;Pipeline konsumer;58
354;KC Bandung A.H. Nasution;BALAI GEOTEKNIK, TEROWONGAN DAN STRUKTUR;Pipeline konsumer;75
354;KC Bandung A.H. Nasution;BALAI JEMBATAN KHUSUS DAN TEROWONGAN;Pipeline konsumer;49
354;KC Bandung A.H. Nasution;BALAI PELESTARIAN KEBUDAYAAN WILAYAH IX;Pipeline konsumer;95
354;KC Bandung A.H. Nasution;BALAI PENDIDIKAN DAN PELATIHAN KEAGAMAAN BANDUNG;Pipeline konsumer;57
354;KC Bandung A.H. Nasution;BENGPUSPAL;Pipeline konsumer;302
354;KC Bandung A.H. Nasution;DIREKTORAT BINA TEKNIK JALAN DAN JEMBATAN;Pipeline konsumer;87
354;KC Bandung A.H. Nasution;DITJEN DIKTI (PTN BH - UNIVERSITAS PENDIDIKAN INDONESIA);Pipeline konsumer;1.553
354;KC Bandung A.H. Nasution;KANTOR PELAYANAN PERBENDAHARAAN NEGARA BANDUNG II;Pipeline konsumer;80
354;KC Bandung A.H. Nasution;LEMBAGA PEMASYARAKATAN PEREMPUAN KELAS IIA BANDUNG;Pipeline konsumer;88
354;KC Bandung A.H. Nasution;LEMBAGA PEMASYARAKATAN SUKAMISKIN;Pipeline konsumer;94
354;KC Bandung A.H. Nasution;LEMBAGA PEMBINAAN KHUSUS ANAK KELAS II BANDUNG PROPINSI JAWA BARAT;Pipeline konsumer;65
354;KC Bandung A.H. Nasution;P3K Pengadilan Militer II - 09 Bandung;Pipeline konsumer;10
354;KC Bandung A.H. Nasution;P3K Pengadilan Tinggi Agama Bandung;Pipeline konsumer;17
354;KC Bandung A.H. Nasution;PELAKSANAAN CIPTA KARYA WILAYAH II PROVINSI JAWA BARAT;Pipeline konsumer;40
354;KC Bandung A.H. Nasution;PELAKSANAAN JALAN NASIONAL WILAYAH II PROVINSI JABAR;Pipeline konsumer;35
354;KC Bandung A.H. Nasution;PENGADILAN MILITER  II - 09 DI BANDUNG;Pipeline konsumer;21
354;KC Bandung A.H. Nasution;PERENCANAAN DAN PENGAWASAN JALAN NASIONAL PROVINSI JABAR;Pipeline konsumer;35
354;KC Bandung A.H. Nasution;PT Gudang Garam;Pipeline konsumer;500
354;KC Bandung A.H. Nasution;PT JASA MARGA;Pipeline konsumer;231
354;KC Bandung A.H. Nasution;PT JASA RAHARJA;Pipeline konsumer;147
354;KC Bandung A.H. Nasution;Rimbun Air;Pipeline konsumer;100
354;KC Bandung A.H. Nasution;RUPBASAN;Pipeline konsumer;34
354;KC Bandung A.H. Nasution;UNIVERSITAS ISLAM NEGERI SUNAN GUNUNG JATI BANDUNG;Pipeline konsumer;959
354;KC Bandung A.H. Nasution;UPI;Pipeline konsumer;350
354;KC Bandung A.H. Nasution;Balai PUPR;Pipeline Top 100;200
354;KC Bandung A.H. Nasution;PT MKASS;Pipeline Top 100;55
354;KC Bandung A.H. Nasution;PT SANGGAR JAYA ABADI;Pipeline Top 100;200
5;KC Bandung AA;Ajen Kodiklatad;Pipeline konsumer;83
5;KC Bandung AA;BADAN PENANGGULANGAN BENCANA DAERAH PROVINSI JAWA BARAT;Pipeline konsumer;450
5;KC Bandung AA;BADAN PUSAT STATISTIK KAB. BANDUNG BARAT;Pipeline konsumer;29
5;KC Bandung AA;BADAN PUSAT STATISTIK KOTA BANDUNG;Pipeline konsumer;47
5;KC Bandung AA;BADAN PUSAT STATISTIK PROP. JAWA BARAT;Pipeline konsumer;102
5;KC Bandung AA;BALAI BESAR GTK PROVINSI JAWA BARAT;Pipeline konsumer;96
5;KC Bandung AA;BALAI BESAR PELATIHAN VOKASI DAN PRODUKTIVITAS BANDUNG;Pipeline konsumer;115
5;KC Bandung AA;"BALAI BESAR PENGEMBANGAN PENJAMINAN MUTU PENDIDIKAN VOKASI 
BIDANG MESIN DAN TEKNIK INDUSTRI";Pipeline konsumer;110
5;KC Bandung AA;BALAI BESAR PERLUASAN KESEMPATAN KERJA;Pipeline konsumer;25
5;KC Bandung AA;BALAI KESELAMATAN DAN KESEHATAN KERJA BANDUNG;Pipeline konsumer;37
5;KC Bandung AA;BALAI PELAYANAN PELINDUNGAN PEKERJA MIGRAN INDONESIA (BP3MI) JAWA BARAT;Pipeline konsumer;60
5;KC Bandung AA;BBGP PROVINSI JAWA BARAT (BALAI BESAR GURU PENGGERAK);Pipeline konsumer;251
5;KC Bandung AA;BBPMP PROVINSI JAWA BARAT (Balai Besar Penjaminan Mutu Pendidikan);Pipeline konsumer;173
5;KC Bandung AA;Bio Farma Pasteur;Pipeline konsumer;100
5;KC Bandung AA;BKKBN;Pipeline konsumer;790
5;KC Bandung AA;BPK PERWAKILAN PROVINSI JAWA BARAT;Pipeline konsumer;183
5;KC Bandung AA;DISJARAHAD;Pipeline konsumer;149
5;KC Bandung AA;DISPSIAD;Pipeline konsumer;208
5;KC Bandung AA;DITJEN DIKTI (PTN BH - INSTITUT TEKNOLOGI BANDUNG);Pipeline konsumer;1.468
5;KC Bandung AA;FKS Pangan Nusantara;Pipeline konsumer;212
5;KC Bandung AA;Gedung Keuangan Negara Bandung;Pipeline konsumer;100
5;KC Bandung AA;Intercontinental Bandung;Pipeline konsumer;300
5;KC Bandung AA;KANTOR KEMENTERIAN AGAMA KAB. BANDUNG;Pipeline konsumer;852
5;KC Bandung AA;KANTOR KEMENTERIAN AGAMA KABUPATEN BANDUNG BARAT;Pipeline konsumer;611
5;KC Bandung AA;KANTOR WILAYAH KEMENTERIAN HUKUM DAN HAM JAWA BARAT;Pipeline konsumer;25
5;KC Bandung AA;KANWIL DJKN JAWA BARAT;Pipeline konsumer;55
5;KC Bandung AA;KEMENTERIAN PERINDUSTRIAN (Dinas Perdagangan dan Perindustrian Kota Bandung);Pipeline konsumer;110
5;KC Bandung AA;Kopasgat TNI AU;Pipeline konsumer;400
5;KC Bandung AA;KPP Tegalega;Pipeline konsumer;70
5;KC Bandung AA;KPPN BANDUNG I;Pipeline konsumer;37
5;KC Bandung AA;LEMBAGA LAYANAN PENDIDIKAN TINGGI WILAYAH IV BANDUNG (LLDIKTI);Pipeline konsumer;590
5;KC Bandung AA;LEMBAGA PEMASYARAKATAN BANCEUY BANDUNG;Pipeline konsumer;103
5;KC Bandung AA;Limijati;Pipeline konsumer;250
5;KC Bandung AA;MAKODIKLAT;Pipeline konsumer;793
5;KC Bandung AA;Orderfazz;Pipeline konsumer;500
5;KC Bandung AA;P3K Pengadilan Tata Usaha Negara Bandung;Pipeline konsumer;13
5;KC Bandung AA;Pengadilan Tata Usaha Negara Bandung;Pipeline konsumer;65
5;KC Bandung AA;PERUM BULOG KANTOR WILAYAH JAWA BARAT;Pipeline konsumer;190
5;KC Bandung AA;POLITEKNIK KESEHATAN BANDUNG;Pipeline konsumer;330
5;KC Bandung AA;POLITEKNIK PARIWISATA NHI BANDUNG;Pipeline konsumer;182
5;KC Bandung AA;POLITEKNIK STTT BANDUNG;Pipeline konsumer;112
5;KC Bandung AA;PT ANGKASA PURA INDONESIABANDARA INTERNATIONAL HUSEIN SASTRANEGARA;Pipeline konsumer;85
5;KC Bandung AA;PT ASKRINDO KANTOR CABANG BANDUNG;Pipeline konsumer;18
5;KC Bandung AA;PT HALEYORA POWERINDO CABANG JABAR;Pipeline konsumer;545
5;KC Bandung AA;PT INDONESIA COMNET PLUS (ICON PLUS)SBU REGIONAL JAWA BAGIAN BARAT;Pipeline konsumer;39
5;KC Bandung AA;PT TELKOMSELAREA JAWA BARAT;Pipeline konsumer;96
5;KC Bandung AA;PUSDIK AJUDAN JENDERAL DITAJENAD;Pipeline konsumer;212
5;KC Bandung AA;PUSDIK KEUANGAN DITKUAD;Pipeline konsumer;145
5;KC Bandung AA;PUSDIK KOWAD KODIKLATAD;Pipeline konsumer;93
5;KC Bandung AA;PUSDIK TOPOGRAFI DITTOPAD;Pipeline konsumer;129
5;KC Bandung AA;PUSDIKINTELKAM LEMDIKLAT POLRI;Pipeline konsumer;101
5;KC Bandung AA;PUSSENIF;Pipeline konsumer;720
5;KC Bandung AA;RRI BANDUNG;Pipeline konsumer;28
5;KC Bandung AA;RS Melinda;Pipeline konsumer;250
5;KC Bandung AA;RUMAH SAKIT UMUM DR HASAN SADIKIN BANDUNG;Pipeline konsumer;1.834
5;KC Bandung AA;RUTAN PEREMPUAN KELAS IIA BANDUNG;Pipeline konsumer;62
5;KC Bandung AA;SECAPA AD;Pipeline konsumer;714
5;KC Bandung AA;SEKRETARIAT DAERAH PROVINSI JAWA BARAT;Pipeline konsumer;76
5;KC Bandung AA;SESKOAD;Pipeline konsumer;610
5;KC Bandung AA;Turkish Aerospace;Pipeline konsumer;100
5;KC Bandung AA;WINGDIKTEK;Pipeline konsumer;486
5;KC Bandung AA;Voco Hotel;Pipeline Top 100;200
5;KC Bandung AA;Victoria Lung;Pipeline Top 100;144
405;KC Bandung Dago;BALAI AIR TANAH;Pipeline konsumer;55
405;KC Bandung Dago;BALAI BESAR PENGUJIAN MINERAL DAN BATUBARA TEKMIRA (Sudirman);Pipeline konsumer;129
405;KC Bandung Dago;BALAI BESAR STANDARDISASI DAN PELAYANAN JASA INDUSTRI BAHAN DAN BARANG TEKNIK (sangkuriang);Pipeline konsumer;108
405;KC Bandung Dago;BALAI BESAR STANDARDISASI DAN PELAYANAN JASA INDUSTRI LOGAM DAN MESIN (sangkuriang);Pipeline konsumer;119
405;KC Bandung Dago;BALAI HIDROLIKA DAN GEOTEKNIK KEAIRAN (dago);Pipeline konsumer;54
405;KC Bandung Dago;BALAI HIDROLOGI DAN LINGKUNGAN KEAIRAN (dago);Pipeline konsumer;59
405;KC Bandung Dago;DJP KPP MADYA 2;Pipeline konsumer;139
405;KC Bandung Dago;KANTOR REGIONAL III BADAN KEPEGAWAIAN NEGARA BANDUNG;Pipeline konsumer;94
405;KC Bandung Dago;Kementerian ESDM PUSAT VULKANOLOGI DAN MITIGASI BENCANA GEOLOGI;Pipeline konsumer;283
405;KC Bandung Dago;Kementerian ESDM Satker PATGL;Pipeline konsumer;113
405;KC Bandung Dago;Kementerian ESDM Satker Pengelolaan Sumberdaya Mineral dan Panas Bumi;Pipeline konsumer;140
405;KC Bandung Dago;MUSEUM GEOLOGI;Pipeline konsumer;33
405;KC Bandung Dago;POLITEKNIK KESEJAHTERAAN SOSIAL (POLTEKESOS) BANDUNG;Pipeline konsumer;126
405;KC Bandung Dago;POLITEKNIK MANUFAKTUR NEGERI BANDUNG;Pipeline konsumer;209
405;KC Bandung Dago;PT Perkebunan Nusantara I Regional 2;Pipeline konsumer;150
405;KC Bandung Dago;PT Sentinel;Pipeline konsumer;100
405;KC Bandung Dago;PUSAT PENGEMBANGAN SUMBER DAYA MANUSIA APARATUR;Pipeline konsumer;67
405;KC Bandung Dago;PUSAT SURVEY  GEOLOGI;Pipeline konsumer;139
405;KC Bandung Dago;SEKRETARIAT BADAN GEOLOGI;Pipeline konsumer;53
405;KC Bandung Dago;UKRI (Universitas Kebangsaan RI);Pipeline konsumer;110
405;KC Bandung Dago;UNPAR;Pipeline konsumer;780
405;KC Bandung Dago;Balai Besar Survei dan Pemetaan Geologi Keluatan;Pipeline Top 100;137
286;KC Bandung Dewi Sartika;BALAI BAHAN DAN STRUKTUR BANGUNAN GEDUNG;Pipeline konsumer;30
286;KC Bandung Dewi Sartika;BALAI BESAR PENGAWAS OBAT DAN MAKANAN BANDUNG (BPOM);Pipeline konsumer;141
286;KC Bandung Dewi Sartika;BALAI KAWASAN PERMUKIMAN DAN PERUMAHAN;Pipeline konsumer;24
286;KC Bandung Dewi Sartika;BALAI MONITOR SPEKTRUM FREKUENSI RADIO KELAS I BANDUNG;Pipeline konsumer;25
286;KC Bandung Dewi Sartika;BALAI PENDIDIKAN DAN PELATIHAN PEMBANGUNAN KARAKTER SUMBER DAYA MANUSIA TRANSPORTASI;Pipeline konsumer;32
286;KC Bandung Dewi Sartika;BALAI PENGELOLA TRANSPORTASI DARAT JAWA BARAT;Pipeline konsumer;307
286;KC Bandung Dewi Sartika;BALAI PENGELOLAAN DAERAH ALIRAN SUNGAI CIMANUK CITANDUY;Pipeline konsumer;40
286;KC Bandung Dewi Sartika;BALAI SAINS BANGUNAN;Pipeline konsumer;27
286;KC Bandung Dewi Sartika;BALAI TEKNIK PERKERETAAPIAN KELAS I BANDUNG;Pipeline konsumer;126
286;KC Bandung Dewi Sartika;BRIGIF TP (Teritorial Pembangunan) TNI AD;Pipeline konsumer;2.280
286;KC Bandung Dewi Sartika;DENMADAM III/SLW;Pipeline konsumer;680
286;KC Bandung Dewi Sartika;GH Universal Hotel;Pipeline konsumer;100
286;KC Bandung Dewi Sartika;INSPEKTORAT PROVINSI JAWA BARAT;Pipeline konsumer;99
286;KC Bandung Dewi Sartika;INSTITUT SENI BUDAYA INDONESIA BANDUNG;Pipeline konsumer;259
286;KC Bandung Dewi Sartika;KANTOR IMIGRASI KELAS I TPI BANDUNG;Pipeline konsumer;115
286;KC Bandung Dewi Sartika;Kantor Kesehatan Pelabuhan Bandung;Pipeline konsumer;200
286;KC Bandung Dewi Sartika;Kanwil Imigrasi Bandung;Pipeline konsumer;50
286;KC Bandung Dewi Sartika;KIKAV 4/THC;Pipeline konsumer;114
286;KC Bandung Dewi Sartika;KODIM 0618 / BANDUNG;Pipeline konsumer;444
286;KC Bandung Dewi Sartika;LAN (Lembaga Administrasi Negara);Pipeline konsumer;55
286;KC Bandung Dewi Sartika;MAKODAM III/SLW;Pipeline konsumer;6.035
286;KC Bandung Dewi Sartika;PENGADILAN AGAMA BANDUNG;Pipeline konsumer;61
286;KC Bandung Dewi Sartika;PENGADILAN TINGGI AGAMA BANDUNG;Pipeline konsumer;104
286;KC Bandung Dewi Sartika;POLITEKNIK STIA LAN BANDUNG;Pipeline konsumer;82
286;KC Bandung Dewi Sartika;PT TELKOM INDONESIATELKOM REGIONAL III – JAWA BARAT;Pipeline konsumer;215
286;KC Bandung Dewi Sartika;PUSAT PELATIHAN DAN PENGEMBANGAN DAN PEMETAAN KOMPETENSI APARATUR SIPIL NEGARA;Pipeline konsumer;80
286;KC Bandung Dewi Sartika;PUSSENKAV;Pipeline konsumer;545
286;KC Bandung Dewi Sartika;RINDAM III/SLW;Pipeline konsumer;2.381
286;KC Bandung Dewi Sartika;STASIUN GEOFISIKA BANDUNG;Pipeline konsumer;133
286;KC Bandung Dewi Sartika;Tel U;Pipeline konsumer;415
286;KC Bandung Dewi Sartika;TVRI;Pipeline konsumer;60
286;KC Bandung Dewi Sartika;UNPAS Seni dan Sastra;Pipeline konsumer;100
286;KC Bandung Dewi Sartika;UNPAS Taman Sari;Pipeline konsumer;200
286;KC Bandung Dewi Sartika;YONARHANUD 14/PWY;Pipeline konsumer;435
286;KC Bandung Dewi Sartika;YONKAV 4/KC;Pipeline konsumer;380
286;KC Bandung Dewi Sartika;PT Assa Paper;Pipeline Top 100;150
401;KC Bandung Kopo;PT Anugrah Guntur Perkasa;Pipeline Top 100;40
401;KC Bandung Kopo;CV Global King;Pipeline Top 100;50
389;KC Bandung Martadinata;PT. Jodamo;Pipeline Top 100;100
389;KC Bandung Martadinata;Theos Wife Lois;Pipeline Top 100;110
389;KC Bandung Martadinata;PT. Ari Batara Sakti;Pipeline Top 100;50
389;KC Bandung Martadinata;arnata;Pipeline Top 100;100
337;KC Bandung Naripan;BABINMINVETCADDAM III/SLW;Pipeline konsumer;320
337;KC Bandung Naripan;BALAI BESAR STANDARDISASI DAN PELAYANAN JASA INDUSTRI KERAMIK DAN MINERAL NONLOGAM (BALAI BESAR KERAMIK) BBSPJI (ayani);Pipeline konsumer;70
337;KC Bandung Naripan;BALAI BESAR STANDARDISASI DAN PELAYANAN JASA INDUSTRI TEKSTIL (BBSPJI Tekstil) (ayani);Pipeline konsumer;80
337;KC Bandung Naripan;BALAI BESAR SURVEI DAN PEMETAAN GEOLOGI KELAUTAN (BBSPGL) (cicendo);Pipeline konsumer;108
337;KC Bandung Naripan;BALAI PELAKSANA PEMILIHAN JASA KONSTRUKSI WILAYAH JAWA BARAT (BP2JK);Pipeline konsumer;47
337;KC Bandung Naripan;BALAI PELAKSANA PENYEDIAAN PERUMAHAN DAN KAWASAN PERMUKIMAN JAWA II;Pipeline konsumer;56
337;KC Bandung Naripan;BALAI PENGELOLAAN STANDAR UKURAN METROLOGI LEGAL;Pipeline konsumer;56
337;KC Bandung Naripan;BALAI PENGEMBANGAN KOMPETENSI PEKERJAAN UMUM WILAYAH IV BANDUNG;Pipeline konsumer;56
337;KC Bandung Naripan;BEKANGDAM III/SLW;Pipeline konsumer;580
337;KC Bandung Naripan;BPK Pasundan;Pipeline konsumer;60
337;KC Bandung Naripan;BPPW Jabar, DJCK - Kementerian Pekerjaan Umum (PUPR);Pipeline konsumer;200
337;KC Bandung Naripan;DINAS PENANAMAN MODAL DAN PELAYANAN TERPADU SATU PINTU ( DPMPTSP ) PROVINSI JAWA BARAT;Pipeline konsumer;105
337;KC Bandung Naripan;Eastern Group;Pipeline konsumer;500
337;KC Bandung Naripan;HUBDAM III/SLW;Pipeline konsumer;363
337;KC Bandung Naripan;KANTOR PELAYANAN PAJAK MADYA BANDUNG;Pipeline konsumer;66
337;KC Bandung Naripan;KANTOR PELAYANAN PAJAK PRATAMA BANDUNG BOJONAGARA;Pipeline konsumer;66
337;KC Bandung Naripan;KANTOR PELAYANAN PAJAK PRATAMA BANDUNG CIBEUNYING;Pipeline konsumer;59
337;KC Bandung Naripan;KANTOR PELAYANAN PAJAK PRATAMA BANDUNG CICADAS;Pipeline konsumer;76
337;KC Bandung Naripan;KANTOR PELAYANAN PAJAK PRATAMA BANDUNG TEGALEGA;Pipeline konsumer;70
337;KC Bandung Naripan;KANTOR WILAYAH DJP JAWA BARAT I;Pipeline konsumer;56
337;KC Bandung Naripan;KESDAM III/SLW;Pipeline konsumer;558
337;KC Bandung Naripan;P3K SARININGSIH;Pipeline konsumer;28
337;KC Bandung Naripan;PALDAM III/SLW;Pipeline konsumer;435
337;KC Bandung Naripan;PENGADILAN NEGERI BANDUNG;Pipeline konsumer;125
337;KC Bandung Naripan;Pengadilan Negeri Bandung (P3K);Pipeline konsumer;25
337;KC Bandung Naripan;Pertamina Gedebage;Pipeline konsumer;200
337;KC Bandung Naripan;Pertamina Padalarang;Pipeline konsumer;200
337;KC Bandung Naripan;PT Great Eastern Life Indonesia;Pipeline konsumer;500
337;KC Bandung Naripan;PT Noovoleum Indonesia Investama;Pipeline konsumer;100
337;KC Bandung Naripan;PT Supra Internasional Indonesia;Pipeline konsumer;100
337;KC Bandung Naripan;PT. Adhi Karya Persero, Tbk;Pipeline konsumer;350
337;KC Bandung Naripan;PUSAT PENGEMBANGAN KOMPETENSI BINA MARGA, PEMBIAYAAN INFRASTRUKTUR DAN PENGEMBANGAN INFRASTRUKTUR WILAYAH;Pipeline konsumer;35
337;KC Bandung Naripan;PUSAT PENGEMBANGAN KOMPETENSI SUMBER DAYA AIR, CIPTA KARYA DAN PRASARANA STRATEGIS;Pipeline konsumer;43
337;KC Bandung Naripan;PUSAT SUMBER DAYA MINERAL, BATUBARA, DAN PANAS BUMI;Pipeline konsumer;120
337;KC Bandung Naripan;RUMKIT TK. IV 03.07.01 KENCANA SERANG KESDAM III/SLW;Pipeline konsumer;51
337;KC Bandung Naripan;RUMKIT TK. IV 03.07.03 SARININGSIH BANDUNG KESDAM III/SLW;Pipeline konsumer;80
337;KC Bandung Naripan;SATUAN POLISI PAMONG PRAJA PROVINSI JAWA BARAT;Pipeline konsumer;110
337;KC Bandung Naripan;Saung Udjo;Pipeline konsumer;82
337;KC Bandung Naripan;SEKRETARIAT BAWASLU PROVINSI JAWA BARAT;Pipeline konsumer;50
337;KC Bandung Naripan;ZIDAM III/SLW;Pipeline konsumer;279
408;KC Bandung Setiabudi;Balai Besar Pengembangan Dan Perluasan Kerja (BBPPK);Pipeline konsumer;150
408;KC Bandung Setiabudi;BALAI INSEMINASI BUATAN LEMBANG;Pipeline konsumer;62
408;KC Bandung Setiabudi;BALAI PELATIHAN VOKASI DAN PRODUKTIVITAS BANDUNG BARAT (BPVP);Pipeline konsumer;35
408;KC Bandung Setiabudi;BALAI PENGUJIAN ALAT UKUR, ALAT TAKAR, ALAT TIMBANG, DAN ALAT PERLENGKAPAN;Pipeline konsumer;70
408;KC Bandung Setiabudi;Balai Standar Teknologi Pertanian;Pipeline konsumer;70
408;KC Bandung Setiabudi;BMKG;Pipeline konsumer;95
408;KC Bandung Setiabudi;DIREKTORAT METROLOGI;Pipeline konsumer;101
408;KC Bandung Setiabudi;Elcavana Hotel;Pipeline konsumer;265
408;KC Bandung Setiabudi;Hotel Kedaton;Pipeline konsumer;200
408;KC Bandung Setiabudi;Hotel Voco;Pipeline konsumer;100
408;KC Bandung Setiabudi;Lavie Baby House;Pipeline konsumer;130
408;KC Bandung Setiabudi;Pasopati Squareguard;Pipeline konsumer;800
408;KC Bandung Setiabudi;PLASA TELKOM SETIABUDHI BANDUNG;Pipeline konsumer;20
408;KC Bandung Setiabudi;RUMAH SAKIT PARU DR. H.A. ROTINSULU BANDUNG;Pipeline konsumer;343
408;KC Bandung Setiabudi;The Gaia Hotel Bandung (uda);Pipeline konsumer;300
408;KC Bandung Setiabudi;Universitas Advent Indonesia;Pipeline konsumer;200
408;KC Bandung Setiabudi;Universitas Kristen Maranatha;Pipeline konsumer;500
408;KC Bandung Setiabudi;SPN POLDA JABAR;Pipeline Top 100;200
408;KC Bandung Setiabudi;PT Brilian Maju Jaya;Pipeline Top 100;300
408;KC Bandung Setiabudi;Karang Setra Hotel;Pipeline Top 100;100
408;KC Bandung Setiabudi;deraraysae;Pipeline Top 100;50
407;KC Bandung Sukarno Hatta;BADAN NARKOTIKA NASIONAL PROVINSI JAWA BARAT;Pipeline konsumer;221
407;KC Bandung Sukarno Hatta;BALAI BESAR PELAKSANAAN JALAN NASIONAL DKI JAKARTA - JAWA BARAT;Pipeline konsumer;66
407;KC Bandung Sukarno Hatta;BALAI BESAR STANDARDISASI DAN PELAYANAN JASA INDUSTRI SELULOSA (BBSPJIS) pulp dan paper;Pipeline konsumer;90
407;KC Bandung Sukarno Hatta;BALAI JALAN NASIONAL WILAYAH IV PROVINSI JAWA BARAT;Pipeline konsumer;55
407;KC Bandung Sukarno Hatta;BALAI KEKARANTINAAN KESEHATAN KELAS I BANDUNG;Pipeline konsumer;123
407;KC Bandung Sukarno Hatta;BALAI PEMASYARAKATAN BANDUNG;Pipeline konsumer;91
407;KC Bandung Sukarno Hatta;BALAI PERKERASAN DAN LINGKUNGAN JALAN (BPLJ);Pipeline konsumer;55
407;KC Bandung Sukarno Hatta;BALAI PRASARANA STRATEGIS JAWA BARAT;Pipeline konsumer;43
407;KC Bandung Sukarno Hatta;Edelweiss Hospital;Pipeline konsumer;480
407;KC Bandung Sukarno Hatta;HM Sampoerna;Pipeline konsumer;600
407;KC Bandung Sukarno Hatta;Kalbe Farma Group;Pipeline konsumer;400
407;KC Bandung Sukarno Hatta;Kantor Agraria dan Pertanahan (ATR / BPN) Kota Bandung;Pipeline konsumer;150
407;KC Bandung Sukarno Hatta;KANTOR PERTANAHAN KOTA BANDUNG;Pipeline konsumer;54
407;KC Bandung Sukarno Hatta;KANTOR WILAYAH BADAN PERTANAHAN NASIONAL PROP. JAWA BARAT;Pipeline konsumer;85
407;KC Bandung Sukarno Hatta;LEMBAGA PEMASYARAKATAN NARKOTIKA BANDUNG;Pipeline konsumer;124
407;KC Bandung Sukarno Hatta;P3K BARANTIN;Pipeline konsumer;3
407;KC Bandung Sukarno Hatta;PELAKSANAAN CIPTA KARYA WILAYAH I PROVINSI JAWA BARAT;Pipeline konsumer;45
407;KC Bandung Sukarno Hatta;PERUMAHAN DAN KAWASAN PERMUKIMAN PROVINSI JAWA BARAT (Disperkim);Pipeline konsumer;86
407;KC Bandung Sukarno Hatta;PT Daya Anugrah Mandiri;Pipeline konsumer;450
407;KC Bandung Sukarno Hatta;PT JAMINAN KREDIT INDONESIA (JAMKRINDO);Pipeline konsumer;25
407;KC Bandung Sukarno Hatta;PT PLN (PERSERO)UIP JBT (Unit Induk Pembangunan) -KARAWITAN;Pipeline konsumer;76
407;KC Bandung Sukarno Hatta;PT Semen Indonesia Beton (Persero) Tbk;Pipeline konsumer;400
407;KC Bandung Sukarno Hatta;PT ENSEVAL PUTERA MEGATRADING;Pipeline konsumer;100
407;KC Bandung Sukarno Hatta;PT. Pindad (Persero);Pipeline konsumer;900
407;KC Bandung Sukarno Hatta;PUSAT PENGEMBANGAN SUMBER DAYA MANUSIA GEOLOGI, MINERAL DAN BATUBARA;Pipeline konsumer;130
407;KC Bandung Sukarno Hatta;RUMAH SAKIT MATA CICENDO BANDUNG;Pipeline konsumer;369
407;KC Bandung Sukarno Hatta;RUMAH TAHANAN NEGARA BANDUNG;Pipeline konsumer;143
407;KC Bandung Sukarno Hatta;Sucofindo PT (Persero);Pipeline konsumer;200
407;KC Bandung Sukarno Hatta;Suwarna;Pipeline konsumer;141
407;KC Bandung Sukarno Hatta;Taka Turbomachinery Indonesia;Pipeline konsumer;100
407;KC Bandung Sukarno Hatta;PT Insta Solution Group;Pipeline Top 100;100
407;KC Bandung Sukarno Hatta;Sukavillage;Pipeline Top 100;50
407;KC Bandung Sukarno Hatta;Terracorp;Pipeline Top 100;100
407;KC Bandung Sukarno Hatta;La Basil;Pipeline Top 100;13
407;KC Bandung Sukarno Hatta;Terai Coffeatery;Pipeline Top 100;20
162;KC Banjar;BADAN PUSAT STATISTIK KOTA BANJAR;Pipeline konsumer;17
162;KC Banjar;Balai Perikanan dan Pertanian;Pipeline konsumer;100
162;KC Banjar;Distributor Wings;Pipeline konsumer;500
162;KC Banjar;KANTOR PERTANAHAN KOTA BANJAR;Pipeline konsumer;10
162;KC Banjar;Lapas Kelas IIB Banjar;Pipeline konsumer;74
162;KC Banjar;MADRASAH TSANAWIYAH NEGERI 14 TASIKMALAYA;Pipeline konsumer;19
162;KC Banjar;MADRASAH TSANAWIYAH NEGERI 2 BANJAR KOTA BANJAR;Pipeline konsumer;22
162;KC Banjar;MADRASAH TSANAWIYAH NEGERI 3 KOTA BANJAR;Pipeline konsumer;22
162;KC Banjar;P3K PA BANJAR;Pipeline konsumer;14
162;KC Banjar;P3K PN BANJAR;Pipeline konsumer;15
162;KC Banjar;Pelindo Terminal Peti Kemas;Pipeline konsumer;85
162;KC Banjar;PENGADILAN AGAMA KOTA BANJAR;Pipeline konsumer;21
162;KC Banjar;PENGADILAN NEGERI BANJAR;Pipeline konsumer;22
162;KC Banjar;PLN;Pipeline konsumer;0
162;KC Banjar;SNVT PELAKSANAAN JARINGAN SUMBER AIR CITANDUY;Pipeline konsumer;25
162;KC Banjar;SNVT PEMBANGUNAN BENDUNGAN BBWS CITANDUY;Pipeline konsumer;47
162;KC Banjar;BPS;Pipeline konsumer;15
162;KC Banjar;KANTOR KEMENTERIAN AGAMA KAB.PANGANDARAN;Pipeline konsumer;272
162;KC Banjar;Kementrian Kelautan dan Perikanan;Pipeline konsumer;30
162;KC Banjar;MADRASAH ALIYAH NEGERI 1 PANGANDARAN KAB. PANGANDARAN;Pipeline konsumer;35
162;KC Banjar;MADRASAH ALIYAH NEGERI 2 PANGANDARAN KAB. PANGANDARAN;Pipeline konsumer;28
162;KC Banjar;MADRASAH TSANAWIYAH NEGERI 1 PANGANDARAN KABUPATEN PANGANDARAN;Pipeline konsumer;58
162;KC Banjar;MADRASAH TSANAWIYAH NEGERI 2 PANGANDARAN KABUPATEN PANGANDARAN;Pipeline konsumer;45
162;KC Banjar;MADRASAH TSANAWIYAH NEGERI 3 PANGANDARAN KABUPATEN PANGANDARAN;Pipeline konsumer;50
162;KC Banjar;MADRASAH TSANAWIYAH NEGERI 4 PANGANDARAN KABUPATEN PANGANDARAN;Pipeline konsumer;43
162;KC Banjar;POLITEKNIK KELAUTAN DAN PERIKANAN PANGANDARAN (POLTEK KP PANGANDARAN);Pipeline konsumer;31
162;KC Banjar;PT Pecu;Pipeline konsumer;335
162;KC Banjar;UNPAD;Pipeline konsumer;20
162;KC Banjar;BGN Jaya Raya;Pipeline Top 100;50
162;KC Banjar;PT Krisna Beach Hotel;Pipeline Top 100;60
104;KC Ciamis;BADAN NARKOTIKA NASIONAL KABUPATEN CIAMIS;Pipeline konsumer;25
104;KC Ciamis;BALAI PENGELOLAAN HUTAN LESTARI WILAYAH VII CIAMIS;Pipeline konsumer;30
104;KC Ciamis;BPS KABUPATEN PANGANDARAN;Pipeline konsumer;11
104;KC Ciamis;KEJAKSAAN CIAMIS;Pipeline konsumer;89
104;KC Ciamis;KPU KABUPATEN PANGANDARAN;Pipeline konsumer;11
104;KC Ciamis;Lapas Ciamis;Pipeline konsumer;68
104;KC Ciamis;MADRASAH TSANAWIYAH NEGERI 10 CIAMIS KAB. CIAMIS;Pipeline konsumer;37
104;KC Ciamis;MADRASAH TSANAWIYAH NEGERI 11 CIAMIS KAB. CIAMIS;Pipeline konsumer;25
104;KC Ciamis;MADRASAH TSANAWIYAH NEGERI 12 CIAMIS KAB. CIAMIS;Pipeline konsumer;28
104;KC Ciamis;MADRASAH TSANAWIYAH NEGERI 13 CIAMIS KAB. CIAMIS;Pipeline konsumer;32
104;KC Ciamis;MADRASAH TSANAWIYAH NEGERI 14 CIAMIS KAB. CIAMIS;Pipeline konsumer;26
104;KC Ciamis;MADRASAH TSANAWIYAH NEGERI 15 CIAMIS KAB. CIAMIS;Pipeline konsumer;30
104;KC Ciamis;MADRASAH TSANAWIYAH NEGERI 16 CIAMIS KAB. CIAMIS;Pipeline konsumer;30
104;KC Ciamis;MADRASAH TSANAWIYAH NEGERI 17 CIAMIS KAB. CIAMIS;Pipeline konsumer;27
104;KC Ciamis;MADRASAH TSANAWIYAH NEGERI 2 CIAMIS KAB. CIAMIS;Pipeline konsumer;14
104;KC Ciamis;MADRASAH TSANAWIYAH NEGERI 3 CIAMIS KAB. CIAMIS;Pipeline konsumer;24
104;KC Ciamis;MADRASAH TSANAWIYAH NEGERI 4 CIAMIS KAB. CIAMIS;Pipeline konsumer;29
104;KC Ciamis;MADRASAH TSANAWIYAH NEGERI 5 CIAMIS KAB. CIAMIS;Pipeline konsumer;20
104;KC Ciamis;MADRASAH TSANAWIYAH NEGERI 6 CIAMIS KAB. CIAMIS;Pipeline konsumer;22
104;KC Ciamis;MADRASAH TSANAWIYAH NEGERI 7 CIAMIS KAB. CIAMIS;Pipeline konsumer;28
104;KC Ciamis;MADRASAH TSANAWIYAH NEGERI 8 CIAMIS KAB. CIAMIS;Pipeline konsumer;33
104;KC Ciamis;MADRASAH TSANAWIYAH NEGERI 9 CIAMIS KAB. CIAMIS;Pipeline konsumer;29
104;KC Ciamis;P3K PA CIAMIS;Pipeline konsumer;14
104;KC Ciamis;P3K PN CIAMIS;Pipeline konsumer;25
104;KC Ciamis;PENGADILAN AGAMA CIAMIS;Pipeline konsumer;49
104;KC Ciamis;PENGADILAN NEGERI CIAMIS;Pipeline konsumer;37
104;KC Ciamis;PLN;Pipeline konsumer;50
104;KC Ciamis;Universitas Galuh Ciamis;Pipeline konsumer;60
105;KC Cianjur;BADAN ARSIP;Pipeline konsumer;95
105;KC Cianjur;BADAN NARKOTIKA NASIONAL KABUPATEN CIANJUR;Pipeline konsumer;37
105;KC Cianjur;BADAN PUSAT STATISTIK KAB. CIANJUR;Pipeline konsumer;29
105;KC Cianjur;BALAI BESAR PELATIHAN KESEHATAN CILOTO;Pipeline konsumer;79
105;KC Cianjur;BALAI BESAR PENGEMBANGAN PENJAMINAN MUTU PENDIDIKAN VOKASI PERTANIAN;Pipeline konsumer;116
105;KC Cianjur;BALAI BESAR TAMAN NASIONAL GUNUNG GEDE PANGRANGO;Pipeline konsumer;85
105;KC Cianjur;BALAI PENGUJIAN STANDAR INSTRUMEN TANAMAN HIAS;Pipeline konsumer;48
105;KC Cianjur;ISTANA KEPRESIDENAN CIPANAS;Pipeline konsumer;55
105;KC Cianjur;KANTOR IMIGRASI KELAS III NON TPI CIANJUR;Pipeline konsumer;16
105;KC Cianjur;KANTOR KEMENTERIAN AGAMA KAB. CIANJUR;Pipeline konsumer;910
105;KC Cianjur;KANTOR PELAYANAN PAJAK PRATAMA CIANJUR;Pipeline konsumer;44
105;KC Cianjur;Kodim 0608/CJR;Pipeline konsumer;570
105;KC Cianjur;KPU KABUPATEN CIANJUR;Pipeline konsumer;11
105;KC Cianjur;LAPAS CIANJUR;Pipeline konsumer;87
105;KC Cianjur;Lembah hijau;Pipeline konsumer;80
105;KC Cianjur;MEDCO POWER BIO JATROPHA INDONESIA;Pipeline konsumer;21
105;KC Cianjur;MEDCO POWER PEMBANGKIT PUSAKA PARAHIANGAN;Pipeline konsumer;22
105;KC Cianjur;P3K PA Cianjur;Pipeline konsumer;31
105;KC Cianjur;P3K PN Cianjur;Pipeline konsumer;35
105;KC Cianjur;PENGADILAN AGAMA CIANJUR;Pipeline konsumer;43
105;KC Cianjur;PENGADILAN NEGERI CIANJUR;Pipeline konsumer;47
105;KC Cianjur;PT Puo Yuen;Pipeline konsumer;900
105;KC Cianjur;PT Titan;Pipeline konsumer;50
105;KC Cianjur;SEKRETARIAT BAWASLU KABUPATEN CIANJUR;Pipeline konsumer;7
105;KC Cianjur;PT BSK;Pipeline Top 100;300
181;KC Cibadak;Kaminvetcad;Pipeline konsumer;50
181;KC Cibadak;KEJAKSAAN NEGERI CIBADAK;Pipeline konsumer;63
181;KC Cibadak;P3K PA CIBADAK;Pipeline konsumer;26
181;KC Cibadak;P3K PN CIBADAK;Pipeline konsumer;21
181;KC Cibadak;Pengadilan Agama Cibadak;Pipeline konsumer;25
181;KC Cibadak;PENGADILAN NEGERI CIBADAK;Pipeline konsumer;24
181;KC Cibadak;PT JAPFA COOMFEED INDONESIAFARM PBD-JAPFAJAMPANG TENGAH;Pipeline konsumer;33
181;KC Cibadak;PT JAPFA COOMFEED INDONESIAFARM PBD-JAPFAKALAPANUNGGAL;Pipeline konsumer;35
181;KC Cibadak;PT JAPFA COOMFEED INDONESIAFARM PBD-JAPFANAGRAK;Pipeline konsumer;45
181;KC Cibadak;PT JAPFA COOMFEED INDONESIAFARM PBD-JAPFANYALINDUNG;Pipeline konsumer;35
181;KC Cibadak;PT JAPFA COOMFEED INDONESIAFARM PBD-JAPFAPARUNG KUDA;Pipeline konsumer;35
181;KC Cibadak;PT JAPFA COOMFEED INDONESIAHATCHERY PBD-JAPFAHTC. PARUNG KUDA;Pipeline konsumer;30
181;KC Cibadak;PT. Daehan Global Sukabumi;Pipeline konsumer;300
181;KC Cibadak;PELABUHAN PERIKANAN NUSANTARA PELABUHAN RATU;Pipeline konsumer;47
181;KC Cibadak;PT SAMARATU;Pipeline konsumer;150
181;KC Cibadak;UNIT PENYELENGGARA PELABUHAN PELABUHAN RATU;Pipeline konsumer;14
181;KC Cibadak;Yayasan Karya Syandana;Pipeline Top 100;50
181;KC Cibadak;koperasi KBMT;Pipeline Top 100;100
137;KC Cimahi;BADAN NARKOTIKA NASIONAL KOTA CIMAHI;Pipeline konsumer;20
137;KC Cimahi;BADAN PUSAT STATISTIK KOTA CIMAHI;Pipeline konsumer;24
137;KC Cimahi;BALAI BESAR PENGEMBANGAN PENJAMINAN MUTU PENDIDIKAN VOKASI BIDANG MESIN DAN TEKNIK INDUSTRI;Pipeline konsumer;134
137;KC Cimahi;BALAI DIKLAT KEUANGAN CIMAHI;Pipeline konsumer;30
137;KC Cimahi;Campina;Pipeline konsumer;500
137;KC Cimahi;Combiphar;Pipeline konsumer;200
137;KC Cimahi;DISJASAD;Pipeline konsumer;160
137;KC Cimahi;Kantor KOMINFO BANDUNG;Pipeline konsumer;210
137;KC Cimahi;KANTOR PELAYANAN PAJAK PRATAMA CIMAHI;Pipeline konsumer;60
137;KC Cimahi;KANTOR PERTANAHAN KABUPATEN BANDUNG BARAT;Pipeline konsumer;44
137;KC Cimahi;KEJAKSAAN NEGERI CIMAHI;Pipeline konsumer;129
137;KC Cimahi;P3K PA Cimahi;Pipeline konsumer;26
137;KC Cimahi;PENGADILAN AGAMA KOTA CIMAHI;Pipeline konsumer;43
137;KC Cimahi;PENGADILAN AGAMA NGAMPRAH;Pipeline konsumer;31
137;KC Cimahi;PUSAT PEMBINAAN JABATAN FUNGSIONAL PERDAGANGAN;Pipeline konsumer;60
137;KC Cimahi;PUSDIK ARTILERI MEDAN PUSSENARMED;Pipeline konsumer;741
137;KC Cimahi;PUSDIK HUKUM DITKUMAD;Pipeline konsumer;139
137;KC Cimahi;PUSDIK JASMANI DISJASAD;Pipeline konsumer;141
137;KC Cimahi;PUSDIK KAVALERI PUSSENKAV;Pipeline konsumer;368
137;KC Cimahi;PUSDIK PEMBEKALAN ANGKUTAN PUSBEKANGAD;Pipeline konsumer;815
137;KC Cimahi;PUSDIK PENGMILUM KODIKLTAD;Pipeline konsumer;173
137;KC Cimahi;PUSDIK PERALATAN PUSPALAD;Pipeline konsumer;224
137;KC Cimahi;PUSDIK PERHUBUNGAN PUSHUBAD;Pipeline konsumer;968
137;KC Cimahi;PUSDIK POLISI MILITER PUSPOMAD;Pipeline konsumer;287
137;KC Cimahi;PUSDIKLATPASSUS KOPASSUS;Pipeline konsumer;788
137;KC Cimahi;PUSDIKTER PUSTERAD;Pipeline konsumer;153
137;KC Cimahi;PUSSENARHANUD;Pipeline konsumer;352
137;KC Cimahi;PUSSENARMED;Pipeline konsumer;246
137;KC Cimahi;RUMKIT TK.II DUSTIRA KESDAM III/SLW;Pipeline konsumer;412
137;KC Cimahi;San San Saudara;Pipeline konsumer;2.315
137;KC Cimahi;"SENTRA ""WYATA GUNA"" DI BANDUNG";Pipeline konsumer;76
137;KC Cimahi;Ultrajaya;Pipeline konsumer;500
137;KC Cimahi;BALAI PELATIHAN APARATUR METROLOGI DAN MUTU (Cimahi);Pipeline konsumer;88
137;KC Cimahi;BALAI PELATIHAN SUMBER DAYA MANUSIA METROLOGI, MUTU, DAN JASA PERDAGANGAN;Pipeline konsumer;90
406;KC Cirebon Gunung Jati;BALAI BESAR WILAYAH SUNGAI CIMANUK-CISANGGARUNG;Pipeline konsumer;413
406;KC Cirebon Gunung Jati;KANTOR KEMENTERIAN AGAMA KOTA CIREBON;Pipeline konsumer;315
406;KC Cirebon Gunung Jati;KANTOR PELAYANAN PAJAK PRATAMA CIREBON DUA;Pipeline konsumer;103
406;KC Cirebon Gunung Jati;KANTOR PELAYANAN PAJAK PRATAMA CIREBON SATU;Pipeline konsumer;90
406;KC Cirebon Gunung Jati;P3K PA KOTA CIREBON;Pipeline konsumer;11
406;KC Cirebon Gunung Jati;PENGADILAN AGAMA CIREBON;Pipeline konsumer;23
406;KC Cirebon Gunung Jati;Pt Chinli 1;Pipeline konsumer;500
406;KC Cirebon Gunung Jati;Pt Chinli 2;Pipeline konsumer;300
406;KC Cirebon Gunung Jati;PT JAMINAN KREDIT INDONESIA (JAMKRINDO)CIREBON;Pipeline konsumer;7
406;KC Cirebon Gunung Jati;PT JAPFA COOMFEED INDONESIAPABRIK PAKAN TERNAKCIREBON;Pipeline konsumer;197
406;KC Cirebon Gunung Jati;PT JAPFA COOMFEED INDONESIAPABRIK PENGOLAHAN HASIL IKAN DAN UDANGCIREBON;Pipeline konsumer;196
406;KC Cirebon Gunung Jati;PT KERETA API (PERSERO)DAOP III CIREBON;Pipeline konsumer;1.329
406;KC Cirebon Gunung Jati;PT Long Rich;Pipeline konsumer;500
406;KC Cirebon Gunung Jati;RSU UMC;Pipeline konsumer;209
406;KC Cirebon Gunung Jati;RUTAN KELAS I KOTA CIREBON;Pipeline konsumer;77
406;KC Cirebon Gunung Jati;UMC (UNIVERSITAS MUHAMMADIYAH CIREBON);Pipeline konsumer;130
406;KC Cirebon Gunung Jati;YAYASAN MAHARDIKA;Pipeline konsumer;219
406;KC Cirebon Gunung Jati;BADAN PUSAT STATISTIK KAB. CIREBON;Pipeline konsumer;49
406;KC Cirebon Gunung Jati;Kaminvetcad;Pipeline konsumer;12
406;KC Cirebon Gunung Jati;KANTOR KEMENTERIAN AGAMA KAB. CIREBON;Pipeline konsumer;1.229
406;KC Cirebon Gunung Jati;KEJAKSAAN SUMBER;Pipeline konsumer;77
406;KC Cirebon Gunung Jati;P3K PN Cirebon;Pipeline konsumer;22
406;KC Cirebon Gunung Jati;PENGADILAN AGAMA KAB CIREBON;Pipeline konsumer;60
406;KC Cirebon Gunung Jati;PENGADILAN AGAMA SUMBER;Pipeline konsumer;48
406;KC Cirebon Gunung Jati;PENGADILAN NEGERI SUMBER;Pipeline konsumer;47
107;KC Cirebon Kartini;BADAN NARKOTIKA NASIONAL KOTA CIREBON;Pipeline konsumer;17
107;KC Cirebon Kartini;BALAI PEMASYARAKATAN CIREBON;Pipeline konsumer;59
107;KC Cirebon Kartini;Bea Cukai;Pipeline konsumer;100
107;KC Cirebon Kartini;BPN Kota;Pipeline konsumer;60
107;KC Cirebon Kartini;INSTITUT AGAMA ISLAM NEGERI (IAIN) SYEKH NURJATI CIREBON;Pipeline konsumer;440
107;KC Cirebon Kartini;Kantor Direksi PT PG Rajawali II (PT Rajawali Nusantara Indonesia (RNI);Pipeline konsumer;100
107;KC Cirebon Kartini;KANTOR IMIGRASI KELAS I TPI CIREBON;Pipeline konsumer;108
107;KC Cirebon Kartini;KANTOR PELAYANAN KEKAYAAN NEGARA DAN LELANG CIREBON;Pipeline konsumer;30
107;KC Cirebon Kartini;KANTOR PENGAWASAN DAN PELAYANAN BC CIREBON;Pipeline konsumer;80
107;KC Cirebon Kartini;KANTOR UPBU CAKRABHUANA;Pipeline konsumer;74
107;KC Cirebon Kartini;KOREM-063/SGJ DAM III/SLW;Pipeline konsumer;3.492
107;KC Cirebon Kartini;KPU KABUPATEN CIREBON;Pipeline konsumer;10
107;KC Cirebon Kartini;KPU KOTA CIREBON;Pipeline konsumer;11
107;KC Cirebon Kartini;Lanal Cirebon Pangkalan TNI AL Cirebon;Pipeline konsumer;90
107;KC Cirebon Kartini;LEMBAGA PEMASYARAKATAN CIREBON;Pipeline konsumer;123
107;KC Cirebon Kartini;LEMBAGA PEMASYARAKATAN NARKOTIKA DI CIREBON;Pipeline konsumer;121
107;KC Cirebon Kartini;MAKOREM 063 SGJ CIREBON;Pipeline konsumer;266
107;KC Cirebon Kartini;Pelindo;Pipeline konsumer;22
107;KC Cirebon Kartini;PENGADILAN NEGERI CIREBON;Pipeline konsumer;44
107;KC Cirebon Kartini;PT ASKRINDOKANTOR CABANG CIREBON;Pipeline konsumer;12
107;KC Cirebon Kartini;PT JASA MARGAPALIKANCI;Pipeline konsumer;172
107;KC Cirebon Kartini;PT PERTAMINA HULU ENERGIPERTAMINA EP ASSET 3;Pipeline konsumer;216
107;KC Cirebon Kartini;PT PERUSAHAAN GAS NEGARASALES HEAD AREA CIREBON;Pipeline konsumer;135
107;KC Cirebon Kartini;PT. Japfa Comfeed Indonesia, Tbk - Criebon ( A Yani) Pabrik Pakan terrnak;Pipeline konsumer;400
107;KC Cirebon Kartini;PT. Japfa Comfeed Indonesia, Tbk - Criebon (Buyut) Pabrik Pakan terrnak;Pipeline konsumer;300
107;KC Cirebon Kartini;PT. Pelni (Persero) - Cabang Cirebon;Pipeline konsumer;75
107;KC Cirebon Kartini;RS Pertamina;Pipeline konsumer;300
107;KC Cirebon Kartini;RUMAH PENYIMPANAN BENDA SITAAN NEGARA CIREBON;Pipeline konsumer;26
107;KC Cirebon Kartini;STASIUN KARANTINA IKAN, PENGENDALIAN MUTU DAN KEAMANAN HASIL PERIKANAN  CIREBON;Pipeline konsumer;37
107;KC Cirebon Kartini;Enseval Putera Megatrading;Pipeline konsumer;110
107;KC Cirebon Kartini;PT PSP;Pipeline konsumer;50
107;KC Cirebon Kartini;PT SURABRAJA;Pipeline konsumer;729
107;KC Cirebon Kartini;RUMKIT TK.III CIREMAI KESDAM III/SLW;Pipeline konsumer;155
25;KC Garut;BADAN NARKOTIKA NASIONAL KABUPATEN GARUT;Pipeline konsumer;44
25;KC Garut;BALAI PEMASYARAKATAN GARUT;Pipeline konsumer;31
25;KC Garut;HOGA REKSA GARMENT;Pipeline konsumer;950
25;KC Garut;KANTOR KEMENTERIAN AGAMA KAB. GARUT;Pipeline konsumer;1.002
25;KC Garut;KANTOR PELAYANAN PAJAK PRATAMA GARUT;Pipeline konsumer;45
25;KC Garut;KOREM-062 DAM III/SLW;Pipeline konsumer;3.770
25;KC Garut;KPU KABUPATEN G A R U T;Pipeline konsumer;14
25;KC Garut;LAPAS GARUT;Pipeline konsumer;77
25;KC Garut;P3K PA GARUT;Pipeline konsumer;24
25;KC Garut;P3K PN GARUT;Pipeline konsumer;21
25;KC Garut;PENGADILAN AGAMA GARUT;Pipeline konsumer;41
25;KC Garut;PENGADILAN NEGERI GARUT;Pipeline konsumer;43
25;KC Garut;PLN NUSANTARA POWERKAMOJANG POMU;Pipeline konsumer;222
25;KC Garut;PT JAPFA COOMFEED INDONESIAHATCHERY PBD-JAPFAHTC. SUCINARAJA;Pipeline konsumer;198
25;KC Garut;PT PERTAMINA POWER INDONESIAAREA KAMOJANG;Pipeline konsumer;62
25;KC Garut;PT PLN INDONESIA POWERKAMOJANG POMU;Pipeline konsumer;284
25;KC Garut;RUMKIT TK.IV GUNTUR KESDAM III/SLW;Pipeline konsumer;63
25;KC Garut;RUTAN Kelas II B Garut;Pipeline konsumer;55
28;KC Indramayu;BADAN PUSAT STATISTIK KAB. INDRAMAYU;Pipeline konsumer;31
28;KC Indramayu;KANTOR KEMENTERIAN AGAMA KAB. INDRAMAYU;Pipeline konsumer;804
28;KC Indramayu;KANTOR PELAYANAN PAJAK PRATAMA INDRAMAYU;Pipeline konsumer;80
28;KC Indramayu;KEJAKSAAN NEGERI INDRAMAYU;Pipeline konsumer;61
28;KC Indramayu;KPU KABUPATEN INDRAMAYU;Pipeline konsumer;13
28;KC Indramayu;LAPAS KELAS II B INDRAMAYU;Pipeline konsumer;85
28;KC Indramayu;P3K PA INDRAMAYU;Pipeline konsumer;15
28;KC Indramayu;P3K PN INDRMAYU;Pipeline konsumer;17
28;KC Indramayu;PENGADILAN AGAMA INDRAMAYU;Pipeline konsumer;46
28;KC Indramayu;PENGADILAN NEGERI INDRAMAYU;Pipeline konsumer;47
28;KC Indramayu;PG. Rajawali II;Pipeline konsumer;95
28;KC Indramayu;POLITEKNIK NEGERI INDRAMAYU;Pipeline konsumer;89
28;KC Indramayu;PT KILANG PERTAMINA INTERNATIONALREFINERY UNIT VI BALONGAN;Pipeline konsumer;714
28;KC Indramayu;PT PERTAMINA HULU ENERGIPERTAMINA EP ASSET 3 JATIBARANG FIELD;Pipeline konsumer;184
28;KC Indramayu;RUMAH PENYIMPANAN BENDA SITAAN NEGARA INDRAMAYU;Pipeline konsumer;21
28;KC Indramayu;Mesrania Balongan;Pipeline Top 100;80
165;KC Jatibarang;PT. Berkah Broiler;Pipeline Top 100;50
165;KC Jatibarang;PT. Roidah Hanif Furniture;Pipeline Top 100;50
133;KC Kuningan;BADAN NARKOTIKA NASIONAL KABUPATEN KUNINGAN;Pipeline konsumer;41
133;KC Kuningan;BADAN PUSAT STATISTIK KAB. KUNINGAN;Pipeline konsumer;29
133;KC Kuningan;KANTOR KEMENTERIAN AGAMA KAB. KUNINGAN;Pipeline konsumer;747
133;KC Kuningan;KANTOR PELAYANAN PAJAK PRATAMA KUNINGAN;Pipeline konsumer;45
133;KC Kuningan;KEJAKSAAN NEGERI KUNINGAN;Pipeline konsumer;69
133;KC Kuningan;Lapas kuningan;Pipeline konsumer;73
133;KC Kuningan;P3K PA KUNINGAN;Pipeline konsumer;15
133;KC Kuningan;P3K PN KUNINGAN;Pipeline konsumer;10
133;KC Kuningan;PENGADILAN AGAMA KUNINGAN;Pipeline konsumer;28
133;KC Kuningan;RS Elsyifa;Pipeline konsumer;100
133;KC Kuningan;RS Kuningan Medical Center;Pipeline konsumer;200
133;KC Kuningan;Univ Kuningan;Pipeline konsumer;350
133;KC Kuningan;Univ Muhammadiyah;Pipeline konsumer;120
133;KC Kuningan;KSU Karya Nugraha;Pipeline Top 100;100
132;KC Majalaya;BALAI TEKNIK SAINS BANGUNAN;Pipeline konsumer;56
132;KC Majalaya;BALAI TEKNIK TATA BANGUNAN GEDUNG DAN PENYEHATAN LINGKUNGAN;Pipeline konsumer;36
132;KC Majalaya;Indonesian Power Kamojang;Pipeline konsumer;200
132;KC Majalaya;Jiale;Pipeline konsumer;500
132;KC Majalaya;PT Sipatex;Pipeline konsumer;500
132;KC Majalaya;PT. Charoen Pokhpand Indonesia;Pipeline konsumer;500
132;KC Majalaya;RS Muhamadiyah Bandung Selatan;Pipeline konsumer;100
132;KC Majalaya;RSUD Ebah (BLUD);Pipeline konsumer;200
132;KC Majalaya;PH Koveksi;Pipeline Top 100;50
132;KC Majalaya;Yayasan Barakatul Huda;Pipeline Top 100;50
132;KC Majalaya;RS Juansih;Pipeline Top 100;500
132;KC Majalaya;PT UD Majalengka;Pipeline Top 100;150
46;KC Majalengka;BALAI PENYULUHAN DAN PELATIHAN KEHUTANAN KADIPATEN;Pipeline konsumer;53
46;KC Majalengka;KANTOR KEMENTERIAN AGAMA KAB. MAJALENGKA;Pipeline konsumer;947
46;KC Majalengka;KANTOR PERTANAHAN KAB. MAJALENGKA;Pipeline konsumer;27
46;KC Majalengka;KEJAKSAAN MAJALENGKA;Pipeline konsumer;77
46;KC Majalengka;KPU KABUPATEN MAJALENGKA;Pipeline konsumer;13
46;KC Majalengka;Lapas Majalengka;Pipeline konsumer;73
46;KC Majalengka;P3K PA MAJALENGKA;Pipeline konsumer;21
46;KC Majalengka;P3K PN MAJALENGKA;Pipeline konsumer;25
46;KC Majalengka;PENGADILAN AGAMA MAJALENGKA;Pipeline konsumer;34
46;KC Majalengka;PENGADILAN NEGERI MAJALENGKA;Pipeline konsumer;28
46;KC Majalengka;PT Leetex Garment Indonesia;Pipeline konsumer;500
46;KC Majalengka;SEKOLAH MENENGAH KEJURUAN KEHUTANAN NEGERI KADIPATEN;Pipeline konsumer;39
75;KC Purwakarta;BADAN PUSAT STATISTIK KAB. PURWAKARTA;Pipeline konsumer;24
75;KC Purwakarta;BALAI RISET PEMULIHAN SUMBER DAYA IKAN;Pipeline konsumer;14
75;KC Purwakarta;KEJAKSAAN PURWAKARTA;Pipeline konsumer;71
75;KC Purwakarta;KPU  KABUPATEN PURWAKARTA;Pipeline konsumer;10
75;KC Purwakarta;LAPAS PURWAKARTA;Pipeline konsumer;66
75;KC Purwakarta;MENARMED 1/STHIRA YUDHA;Pipeline konsumer;1.289
75;KC Purwakarta;P3K PA PURWAKARTA;Pipeline konsumer;15
75;KC Purwakarta;P3K PN PURWAKARTA;Pipeline konsumer;11
75;KC Purwakarta;PENGADILAN AGAMA PURWAKARTA;Pipeline konsumer;38
75;KC Purwakarta;PENGADILAN NEGERI PURWAKARTA;Pipeline konsumer;51
75;KC Purwakarta;PT JAMINAN KREDIT INDONESIA (JAMKRINDO)PURWAKARTA;Pipeline konsumer;10
75;KC Purwakarta;PT JAPFA COOMFEED INDONESIA BOJONG (PABRIK)PABRIK PAKAN TERNAKPURWAKARTA;Pipeline konsumer;51
75;KC Purwakarta;PT JAPFA COOMFEED INDONESIA CAMPAKA (PABRIK)HATCHERY PBD-JAPFAHTC. WANAYASA;Pipeline konsumer;55
75;KC Purwakarta;PT JAPFA COOMFEED INDONESIA CIBATUFARM PBD-JAPFABOJONG;Pipeline konsumer;35
75;KC Purwakarta;PT JAPFA COOMFEED INDONESIA PABRIKFARM PBD-JAPFAGP KIARA PEDES;Pipeline konsumer;40
75;KC Purwakarta;PT JAPFA COOMFEED INDONESIA PABRIKRUMAH POTONG AYAMSADANG, PURWAKARTA;Pipeline konsumer;30
75;KC Purwakarta;PT JAPFA COOMFEED INDONESIA PLERED (PABRIK)PABRIK PAKAN IKAN DAN PAKAN UDANGPURWAKARTA;Pipeline konsumer;45
75;KC Purwakarta;PT JAPFA COOMFEED INDONESIA PURWAKARTA PUSAT JLN VETERANFARM PBD-JAPFADARANGDAN;Pipeline konsumer;86
75;KC Purwakarta;RESIMEN IV PASUKAN PELOPOR KOBRIMOB;Pipeline konsumer;1.339
75;KC Purwakarta;PT MEI;Pipeline Top 100;100
161;KC Singaparna;KPU KABUPATEN TASIKMALAYA (SEKRETARIAT);Pipeline konsumer;12
161;KC Singaparna;PT Metro Indah Megah Abadi;Pipeline konsumer;60
161;KC Singaparna;CV Ramzy Putra;Pipeline Top 100;37
161;KC Singaparna;PT. Lungnajaya Sejahtera Prima;Pipeline Top 100;200
161;KC Singaparna;Sahara Mughni;Pipeline Top 100;50
161;KC Singaparna;Yayasan Mathlabul Hidayah;Pipeline Top 100;10
544;KC Soreang;BADAN PUSAT STATISTIK KAB. BANDUNG;Pipeline konsumer;39
544;KC Soreang;Cheetos;Pipeline konsumer;200
544;KC Soreang;Gistech;Pipeline konsumer;225
544;KC Soreang;KANTOR PELAYANAN PAJAK PRATAMA SOREANG;Pipeline konsumer;55
544;KC Soreang;KANTOR PERTANAHAN KAB BANDUNG;Pipeline konsumer;62
544;KC Soreang;PENGADILAN AGAMA SOREANG;Pipeline konsumer;49
544;KC Soreang;Pengadilan Agama Soreang (P3K);Pipeline konsumer;11
544;KC Soreang;PLN Icon Plus regional jawa barat;Pipeline konsumer;250
544;KC Soreang;PT Feng Tay Indonesia;Pipeline konsumer;995
544;KC Soreang;PT LEN;Pipeline konsumer;500
544;KC Soreang;PT MITRA RAJAWALI BANJARAN;Pipeline konsumer;69
544;KC Soreang;PT Plangi Jaya Indonesia;Pipeline konsumer;340
544;KC Soreang;RS Hermina;Pipeline konsumer;200
544;KC Soreang;SEKRETARIAT BAWASLU KABUPATEN BANDUNG;Pipeline konsumer;6
544;KC Soreang;Telkomsel;Pipeline konsumer;10
123;KC Subang;BADAN PUSAT STATISTIK KAB. SUBANG;Pipeline konsumer;27
123;KC Subang;BALAI BESAR PENGUJIAN STANDAR INSTRUMEN PADI;Pipeline konsumer;104
123;KC Subang;BALAI PEMASYARAKATAN;Pipeline konsumer;32
123;KC Subang;BALAI PENDIDIKAN DAN PELATIHAN APARATUR SUKAMANDI;Pipeline konsumer;35
123;KC Subang;BALAI VETERINER SUBANG;Pipeline konsumer;47
123;KC Subang;KANTOR KESYAHBANDARAN DAN OTORITAS PELABUHAN PATIMBAN;Pipeline konsumer;43
123;KC Subang;KANTOR PELAYANAN PAJAK PRATAMA SUBANG;Pipeline konsumer;74
123;KC Subang;KANTOR PERTANAHAN KAB. SUBANG;Pipeline konsumer;31
123;KC Subang;KEJAKSAAN SUBANG;Pipeline konsumer;69
123;KC Subang;KPU  KABUPATEN SUBANG;Pipeline konsumer;11
123;KC Subang;P3K PA SUBANG;Pipeline konsumer;15
123;KC Subang;P3K PN SUBANG;Pipeline konsumer;17
123;KC Subang;PENGADILAN AGAMA SUBANG;Pipeline konsumer;35
123;KC Subang;PENGADILAN NEGERI SUBANG;Pipeline konsumer;47
123;KC Subang;PERTAMINA EP SUBANG;Pipeline konsumer;97
123;KC Subang;PLN NUSANTARA POWERSAGULING POMU;Pipeline konsumer;90
123;KC Subang;PT JAPFA COOMFEED INDONESIA CIPUNEGARAFARM PBD-JAPFACIPUNEGARA;Pipeline konsumer;55
123;KC Subang;PT JAPFA COOMFEED INDONESIA FARM PBD-JAPFAGP WANAYASA;Pipeline konsumer;45
123;KC Subang;PT JAPFA COOMFEED INDONESIA TANJUNGHATCHERY PBD-JAPFAHTC. CIPUNAGARA;Pipeline konsumer;43
123;KC Subang;PT PERTAMINA HULU ENERGI (PAGADEN)PERTAMINA EP ASSET 3 SUBANG FIELD;Pipeline konsumer;86
123;KC Subang;PT PLN INDONESIA POWERSAGULING POMU;Pipeline konsumer;95
123;KC Subang;percetakan pmj soreang;Pipeline Top 100;20
123;KC Subang;BGN;Pipeline Top 100;117
123;KC Subang;Al Kharizmi Eco Pedagogik;Pipeline Top 100;311
92;KC Sukabumi;BADAN NARKOTIKA NASIONAL KABUPATEN SUKABUMI;Pipeline konsumer;45
92;KC Sukabumi;BADAN PUSAT STATISTIK KAB. SUKABUMI;Pipeline konsumer;37
92;KC Sukabumi;BALAI BESAR PERIKANAN BUDIDAYA AIR TAWAR SUKABUMI;Pipeline konsumer;74
92;KC Sukabumi;BALAI TAMAN NASIONAL GUNUNG HALIMUN-SALAK;Pipeline konsumer;75
92;KC Sukabumi;BBPBAT;Pipeline konsumer;100
92;KC Sukabumi;KANTOR KEMENTERIAN AGAMA KOTA SUKABUMI;Pipeline konsumer;269
92;KC Sukabumi;KANTOR PELAYANAN PAJAK PRATAMA SUKABUMI;Pipeline konsumer;43
92;KC Sukabumi;KPU KOTA SUKABUMI;Pipeline konsumer;8
92;KC Sukabumi;LAPAS KELAS IIB WARUNG KIARA;Pipeline konsumer;88
92;KC Sukabumi;P3K PA SUKABUMI;Pipeline konsumer;20
92;KC Sukabumi;P3K PN SUKABUMI;Pipeline konsumer;17
92;KC Sukabumi;PENGADILAN AGAMA SUKABUMI;Pipeline konsumer;22
92;KC Sukabumi;PENGADILAN NEGERI SUKABUMI;Pipeline konsumer;36
92;KC Sukabumi;PLN Sukabumi;Pipeline konsumer;50
92;KC Sukabumi;PT ASKRINDO;Pipeline konsumer;11
92;KC Sukabumi;PT JAMINAN KREDIT INDONESIA (JAMKRINDO);Pipeline konsumer;30
92;KC Sukabumi;PT ENSEVAL PUTERA MEGATRADING;Pipeline konsumer;80
92;KC Sukabumi;STASIUN GEOFISIKA SUKABUMI;Pipeline konsumer;35
92;KC Sukabumi;BAROS CHEESE;Pipeline Top 100;30
92;KC Sukabumi;Yayasan sukabumi study centre;Pipeline Top 100;200
92;KC Sukabumi;Dinas Ikan Air Tawar;Pipeline Top 100;150
92;KC Sukabumi;PT Sunpride Tutu Kekal;Pipeline Top 100;200
94;KC Sumedang;AKADEMI METROLOGI DAN INSTRUMENTASI;Pipeline konsumer;20
94;KC Sumedang;BADAN NARKOTIKA NASIONAL KABUPATEN SUMEDANG;Pipeline konsumer;25
94;KC Sumedang;BADAN PUSAT STATISTIK KAB. SUMEDANG;Pipeline konsumer;30
94;KC Sumedang;KAHATEX;Pipeline konsumer;400
94;KC Sumedang;KANTOR PELAYANAN PAJAK PRATAMA SUMEDANG;Pipeline konsumer;45
94;KC Sumedang;KANTOR PENCARIAN DAN PERTOLONGAN BANDUNG (BASARNAS);Pipeline konsumer;96
94;KC Sumedang;KANTOR PERTANAHAN KAB. SUMEDANG;Pipeline konsumer;36
94;KC Sumedang;KPU KABUPATEN SUMEDANG;Pipeline konsumer;10
94;KC Sumedang;LAPAS SUMEDANG;Pipeline konsumer;70
94;KC Sumedang;PELAKSANAAN JALAN BEBAS HAMBATAN PROVINSI JAWA BARAT;Pipeline konsumer;39
94;KC Sumedang;PENGADILAN AGAMA SUMEDANG;Pipeline konsumer;35
94;KC Sumedang;PENGADILAN NEGERI SUMEDANG;Pipeline konsumer;39
94;KC Sumedang;PT COCA-COLA EUROPACIFIC PARTNERSSUMEDANG PLANT;Pipeline konsumer;195
94;KC Sumedang;PT PLN INDONESIA POWERJATIGEDE PGU;Pipeline konsumer;14
94;KC Sumedang;PUSAT PEMBELAJARAN DAN STRATEGI KEBIJAKAN TALENTA APARATUR SIPIL NEGARA NASIONAL;Pipeline konsumer;66
94;KC Sumedang;PUSAT PENGEMBANGAN SUMBER DAYA MANUSIA REGIONAL BANDUNG;Pipeline konsumer;55
94;KC Sumedang;DITJEN DIKTI (PTN BH - UNIVERSITAS PADJADJARAN);Pipeline konsumer;2.566
94;KC Sumedang;PT SUNSON;Pipeline konsumer;300
94;KC Sumedang;Yayasan KH Abu Saeri;Pipeline Top 100;150
94;KC Sumedang;PT KEWALRAM;Pipeline Top 100;250
94;KC Sumedang;Catur Boga Makmur;Pipeline Top 100;60
100;KC Tasikmalaya;BADAN PUSAT STATISTIK KAB. TASIKMALAYA;Pipeline konsumer;39
100;KC Tasikmalaya;BALAI POM DI TASIKMALAYA;Pipeline konsumer;23
100;KC Tasikmalaya;Bea Cukai Tasikmalaya;Pipeline konsumer;45
100;KC Tasikmalaya;BRIGIF 13/GALUH RAHAYU;Pipeline konsumer;1.857
100;KC Tasikmalaya;KANTOR IMIGRASI KELAS I NON TPI TASIKMALAYA;Pipeline konsumer;56
100;KC Tasikmalaya;KANTOR KEMENTERIAN AGAMA KAB. TASIKMALAYA;Pipeline konsumer;1.121
100;KC Tasikmalaya;KANTOR PELAYANAN PERBENDAHARAAN NEGARA TASIKMALAYA;Pipeline konsumer;20
100;KC Tasikmalaya;KANTOR PENGAWASAN DAN PELAYANAN BC TASIKMALAYA;Pipeline konsumer;25
100;KC Tasikmalaya;KANTOR PERTANAHAN KAB. TASIKMALAYA;Pipeline konsumer;27
100;KC Tasikmalaya;KPU KOTA TASIKMALAYA;Pipeline konsumer;9
100;KC Tasikmalaya;LAPAS TASIKMALAYA;Pipeline konsumer;75
100;KC Tasikmalaya;MADRASAH TSANAWIYAH NEGERI 1 TASIKMALAYA KOTA TASIKMALAYA;Pipeline konsumer;31
100;KC Tasikmalaya;MADRASAH TSANAWIYAH NEGERI 10 TASIKMALAYA KAB. TASIKMALAYA;Pipeline konsumer;30
100;KC Tasikmalaya;MADRASAH TSANAWIYAH NEGERI 11 TASIKMALAYA KAB. TASIKMALAYA;Pipeline konsumer;13
100;KC Tasikmalaya;MADRASAH TSANAWIYAH NEGERI 12 TASIKMALAYA KAB. TASIKMALAYA;Pipeline konsumer;22
100;KC Tasikmalaya;MADRASAH TSANAWIYAH NEGERI 13 TASIKMALAYA KAB. TASIKMALAYA;Pipeline konsumer;27
100;KC Tasikmalaya;MADRASAH TSANAWIYAH NEGERI 2 TASIKMALAYA KAB. TASIKMALAYA;Pipeline konsumer;29
100;KC Tasikmalaya;MADRASAH TSANAWIYAH NEGERI 2 TASIKMALAYA KOTA TASIKMALAYA;Pipeline konsumer;24
100;KC Tasikmalaya;MADRASAH TSANAWIYAH NEGERI 3 TASIKMALAYA KAB. TASIKMALAYA;Pipeline konsumer;13
100;KC Tasikmalaya;MADRASAH TSANAWIYAH NEGERI 3 TASIKMALAYA KOTA TASIKMALAYA;Pipeline konsumer;30
100;KC Tasikmalaya;MADRASAH TSANAWIYAH NEGERI 4 TASIKMALAYA KAB. TASIKMALAYA;Pipeline konsumer;29
100;KC Tasikmalaya;MADRASAH TSANAWIYAH NEGERI 4 TASIKMALAYA KOTA TASIKMALAYA;Pipeline konsumer;26
100;KC Tasikmalaya;MADRASAH TSANAWIYAH NEGERI 5 TASIKMALAYA KAB. TASIKMALAYA;Pipeline konsumer;28
100;KC Tasikmalaya;MADRASAH TSANAWIYAH NEGERI 6 TASIKMALAYA KAB. TASIKMALAYA;Pipeline konsumer;27
100;KC Tasikmalaya;MADRASAH TSANAWIYAH NEGERI 7 TASIKMALAYA KAB. TASIKMALAYA;Pipeline konsumer;18
100;KC Tasikmalaya;MADRASAH TSANAWIYAH NEGERI 8 TASIKMALAYA KAB. TASIKMALAYA;Pipeline konsumer;31
100;KC Tasikmalaya;MADRASAH TSANAWIYAH NEGERI 9 TASIKMALAYA KAB. TASIKMALAYA;Pipeline konsumer;23
100;KC Tasikmalaya;OPERASI DAN PEMELIHARAAN SUMBER DAYA AIR CITANDUY;Pipeline konsumer;19
100;KC Tasikmalaya;P3K PA KAB TASIKMALAYA;Pipeline konsumer;33
100;KC Tasikmalaya;P3K PA KOTA TASIKMALAYA;Pipeline konsumer;31
100;KC Tasikmalaya;PENGADILAN AGAMA KOTA TASIKMALAYA;Pipeline konsumer;25
100;KC Tasikmalaya;PENGADILAN AGAMA TASIKMALAYA;Pipeline konsumer;34
100;KC Tasikmalaya;PENGADILAN NEGERI TASIKMALAYA;Pipeline konsumer;51
100;KC Tasikmalaya;POLITEKNIK KESEHATAN TASIKMALAYA;Pipeline konsumer;206
100;KC Tasikmalaya;PT ASKRINDOKANTOR CABANG TASIKMALAYA;Pipeline konsumer;9
100;KC Tasikmalaya;PT JAMINAN KREDIT INDONESIA (JAMKRINDO)TASIKMALAYA;Pipeline konsumer;7
100;KC Tasikmalaya;PT PERTAMINA POWER INDONESIAAREA KARAHA CAKRABUANA;Pipeline konsumer;60
100;KC Tasikmalaya;PT ENSEVAL PUTERA MEGATRADINGENSEVAL CABANG TASIKMALAYA;Pipeline konsumer;50
100;KC Tasikmalaya;SEKRETARIAT BAWASLU KABUPATEN TASIKMALAYA;Pipeline konsumer;4
100;KC Tasikmalaya;SNVT PELAKSANAAN JARINGAN PEMANFAATAN AIR CITANDUY;Pipeline konsumer;32
100;KC Tasikmalaya;UNIVERSITAS SILIWANGI;Pipeline konsumer;282
100;KC Tasikmalaya;Zona Retailindo;Pipeline Top 100;100
100;KC Tasikmalaya;Santap Pangan Nikmat;Pipeline Top 100;50
100;KC Tasikmalaya;CV Alzidan;Pipeline Top 100;150
100;KC Tasikmalaya;PT Mares Java Transindo;Pipeline Top 100;120
